,A,B,C,D
2000-01-01,0.928740610540106,0.16460851636164198,-1.1610080489056345,-0.22280740505822075
2000-01-02,1.2242682870639185,0.5407423079826605,-1.1361100473707397,1.4744671743164
2000-01-03,2.1380699768653804,-0.7008602274652715,-0.8581082155940074,1.4866710843570847
2000-01-04,2.7095971651089092,-0.8923478417753453,-1.1244502353620804,0.8105781235620985
2000-01-05,0.12240756535940323,0.2295288913010053,-0.6065995712445825,1.2025545441500691
2000-01-06,-0.5572661221661094,-0.6994143074961897,-0.563517004770417,0.8855231274085478
2000-01-07,-0.16138704928939956,-1.2191681194505386,-1.1810656710873861,1.173053720583378
2000-01-08,1.3483177806180966,-0.9293840105658092,0.10297552687569889,1.6351774665493068
2000-01-09,-1.2015138399156071,-1.7837452363493855,-0.26455200205232415,2.427683595863381
2000-01-10,-1.2846978167092737,-0.7659738973222692,-1.0569638225760445,2.80562106563698
2000-01-11,-2.6806285824969924,-0.24514774788549243,-1.1407691296235283,3.7365706156103737
2000-01-12,-2.703817561528286,1.3903224377521444,-1.2022914606929083,3.788280331342854
2000-01-13,-1.8824906779463535,0.5416323325337379,-2.012339729136565,2.9652038569393184
2000-01-14,-2.569694098997239,1.1456981199442404,-0.69553623522876,3.525024847512773
2000-01-15,-3.6411008230952477,4.281530150521583,0.09957138008524435,4.0834666968598885
2000-01-16,-3.6776746526246944,4.161203422033699,0.4540747081984604,4.478547061599937
2000-01-17,-3.7272626539841887,3.5195065353633557,-0.722846209384665,2.526680060327082
2000-01-18,-2.449705557092294,3.1557075048632037,0.0648474954900663,2.712609257861039
2000-01-19,-2.7822801036322016,2.3882424017957478,0.5424431057001337,3.304850667238514
2000-01-20,-2.424067490853765,0.8032115853717985,0.6227420928192542,1.7080117157681474
2000-01-21,-4.441560416523846,-1.2818468876382159,0.5545104883339957,0.283822880064754
2000-01-22,-2.508020165367495,-0.5326228507154059,2.3469570611160613,-1.5744670619370134
2000-01-23,-1.7672386669364144,0.24862362556773943,3.8289304678850753,-1.936828535809419
2000-01-24,-2.0384040014341305,0.7397603749342091,3.4316708815909878,-2.057007067423917
2000-01-25,-3.2247618341869067,1.4073486625798135,5.1030833141620064,-0.76717702458915
2000-01-26,-3.0199930728902933,2.284215086633753,2.6689485725079622,-0.7854170172667589
2000-01-27,-3.0745544071061635,1.9699798876567804,2.520002101580559,-0.5155379037244481
2000-01-28,-3.5660465862100894,3.3159967121333604,5.03342677236956,1.2424850678131714
2000-01-29,-2.897194523997919,3.24535815186738,6.18996001976662,3.0164007914888686
2000-01-30,-5.47598220103715,1.950494607693174,6.450810369097084,2.5698233625014932
2000-01-31,-6.651422326390095,0.5603773670936796,7.267544657398099,3.319887319750531
2000-02-01,-5.816877708329357,-0.10244654248032659,7.972190837899004,1.932831029222455
2000-02-02,-5.776924242132256,0.3753900837769535,8.353297438948143,1.6020807213238
2000-02-03,-6.255832373632102,1.2228860675813387,8.516231191148545,1.7584343704928966
2000-02-04,-6.228546809348968,3.6222469840573153,9.302828575812987,0.8931882740115138
2000-02-05,-4.710586904384081,3.983917814248174,7.500121325054885,0.804255045619393
2000-02-06,-5.743728946426664,3.9961483036909273,7.477422763532685,1.7674508317951338
2000-02-07,-6.421487164652633,3.3302163539501777,7.865306561347567,2.9669739496057037
2000-02-08,-5.47905876556307,2.719118355062416,8.063411882802635,2.9952239508768157
2000-02-09,-3.5962326864186602,3.7612052391298207,9.296342733902678,1.7405403225339784
2000-02-10,-4.634636458463893,3.1605915252382677,8.611791410827461,3.595508670647172
2000-02-11,-4.571823372180701,1.1945255474147434,10.24414119224109,3.9018156825272214
2000-02-12,-6.1754852023164055,0.8515442809282316,10.629765111880928,1.9392706845975431
2000-02-13,-6.404845899281307,0.6941872989751252,11.007885890319306,0.5772684901588268
2000-02-14,-6.493659051975942,1.858217303151644,11.618696616892414,0.9764049091030438
2000-02-15,-7.6916956425825855,2.1270747305883804,12.295857199168314,1.4360951855326565
2000-02-16,-8.488775941304844,2.371316635933101,12.34608403880397,1.4554372485158618
2000-02-17,-9.456165567289139,3.528227117598594,13.335783441287777,0.6105095400438508
2000-02-18,-9.479039149979176,2.989017523617112,12.99490581326626,-1.3302650880493108
2000-02-19,-8.922404779798969,2.6474129617178255,14.165035730154337,-0.8669134045359111
2000-02-20,-8.742139263045969,3.294948452854037,14.146925086287892,-0.7382203779955219
2000-02-21,-10.689407538559461,2.678400458266017,12.781092535313322,-2.083976066951961
2000-02-22,-10.218111025534792,2.8963985079212837,11.888975707916705,-1.5429645055827401
2000-02-23,-11.023270768135841,1.7060242528030434,10.50849401079929,-0.9336751461555767
2000-02-24,-10.908189092752925,2.127085047326079,10.658988013053916,-0.7352147338392128
2000-02-25,-10.814124613020164,2.9388540089682507,11.761307051774288,-2.444226120979779
2000-02-26,-11.096890015827704,4.490540338750685,12.35325510751296,-1.3686187545411581
2000-02-27,-12.450333958793653,7.795385559123211,13.097617662016392,-0.5218900931334898
2000-02-28,-13.198662874024354,7.7381215743063425,13.326621837152201,-0.7436687430847114
2000-02-29,-13.90677204999212,7.281290307119626,12.922112351779129,-0.2026318300257839
2000-03-01,-13.059044388487983,6.780991740403382,12.31062667402956,-1.1197473889182175
2000-03-02,-11.567850861646304,7.629513664884332,13.458768927412635,-0.5624385712730859
2000-03-03,-8.962843664197756,6.736552795357567,13.20380558959964,-0.5241499463386677
2000-03-04,-9.199370136471021,6.311078480680072,14.272675329752833,-0.9359403225967592
2000-03-05,-7.631598310997645,6.404703560660622,14.862562304415855,-1.0617677364544473
2000-03-06,-8.255078474535596,5.91483609639773,16.38552887579641,-0.7492782834836729
2000-03-07,-9.229007457769619,6.594171691732933,17.12041200605188,-2.459960764185144
2000-03-08,-8.888712881080927,5.470518046139765,16.69847718875788,-2.422134548949624
2000-03-09,-7.8706030224587655,5.572389163376498,16.768903667274287,-1.5546081301635966
2000-03-10,-7.460725576680513,6.242296475420191,15.776683553281648,-1.2477378795405558
2000-03-11,-6.2060220183985,6.091533558717615,14.724291259841758,-1.5536435795363281
2000-03-12,-5.029331580266591,4.1306275725149835,15.919951755212136,-2.1768919948050085
2000-03-13,-4.708056480697417,2.835061203192865,15.782884459267292,-3.5620812626581744
2000-03-14,-5.194729852775906,2.310676232576612,15.644072289898142,-3.7971287550539197
2000-03-15,-5.328691402008114,2.4560375276844746,15.98427239746942,-4.297611299222439
2000-03-16,-5.95341218155938,4.576223985860772,16.40149599964175,-2.3199509053800553
2000-03-17,-5.479297900072894,4.383724102845318,16.440779108743236,-3.034681197110017
2000-03-18,-4.728650237899021,4.9767339627276135,16.837626153530188,-2.9073118261368194
2000-03-19,-4.242254085818516,3.5119986926789757,16.958314862129036,-3.022619725224701
2000-03-20,-4.061107147215493,3.9478354472169555,17.00839457596663,-1.3829694780501351
2000-03-21,-5.802794230459467,4.127962518238387,18.810939916439448,0.18414580134664504
2000-03-22,-8.088273036119597,4.137466976408114,19.142204492988714,0.3929528528451913
2000-03-23,-8.063748325085268,4.00677351014565,19.63407956258272,0.5936464907814609
2000-03-24,-9.025496695817491,5.253456320758858,18.492900032996015,-0.06465387794981836
2000-03-25,-10.441731929014129,4.800593238362837,17.417600123413017,1.3278194892109538
2000-03-26,-9.088223548059977,3.888841898082498,17.264777856745017,0.7488676135411457
2000-03-27,-10.389400256965295,3.6091245011212987,18.09222182599245,2.7537462850401426
2000-03-28,-9.798134452692322,3.650349847471389,17.72689930990846,2.91868349148382
2000-03-29,-10.552566853323473,3.9722260306343973,16.327972570543718,3.7227001816338787
2000-03-30,-11.81738597702896,4.517002462462415,15.047159006718788,4.067339770726425
2000-03-31,-11.08204261497607,3.3032620180360404,14.344936406701391,4.405189673128564
2000-04-01,-11.746512746359091,1.0975234781883203,13.097558678284756,5.503364992083071
2000-04-02,-11.871782838677376,1.635863913552235,13.701404705315964,4.234598915714744
2000-04-03,-12.459806624137379,4.424125815378422,13.444871271344521,5.480851475215272
2000-04-04,-11.547651683779044,3.481653630914639,14.146238616857561,4.234018233314741
2000-04-05,-12.04902069768051,2.5996944594553293,15.21530143799114,3.4106231097069015
2000-04-06,-11.829412099037505,4.420455528921586,14.621192889227947,2.074733978762581
2000-04-07,-12.44848611777563,6.488418738629721,16.45176813921366,2.416587962669909
2000-04-08,-10.959304061500685,7.565786955847724,16.503724009326586,3.204379113034637
2000-04-09,-12.186201245755312,7.712247341881954,17.11049693668396,4.367805771498628
2000-04-10,-11.94169077693215,7.4213571770564375,16.86900281615595,5.687196346156899
2000-04-11,-11.650947106426974,7.909018488326588,17.213569926741336,6.6848121156336155
2000-04-12,-9.150618765499804,6.218305700990897,18.226209770500482,7.263121751331012
2000-04-13,-8.550376219402533,4.424811236535097,17.83175846578939,8.028247818825967
2000-04-14,-10.059811425019694,3.588705725246689,17.700407977673613,7.628004765935365
2000-04-15,-10.546899616008327,4.97318270523821,18.314855031661367,7.561001384315311
2000-04-16,-9.112437586451469,6.049199339994952,16.915904911757483,7.812610784652711
2000-04-17,-8.476931394422488,6.8737469352718765,16.559669882446872,7.896676588303503
2000-04-18,-8.011345085904178,6.476389632196499,15.996001891118619,8.018740442612348
2000-04-19,-8.346293959565564,7.929166352877502,16.896068059498102,8.391400912569484
2000-04-20,-8.09766363973383,7.878121406315864,17.256248952952678,6.5004703202485725
2000-04-21,-7.761993605649779,8.388688635940646,17.04367389656579,5.886795392111152
2000-04-22,-7.8695140532077685,8.238981206648806,16.99184760947166,6.144467668923206
2000-04-23,-7.710045740216442,8.694657565719812,16.226632617062666,5.18574800447768
2000-04-24,-8.856365715963992,9.44691349478958,17.259634347928582,4.6233882128158355
2000-04-25,-9.46470050817227,10.128944786451498,16.01479724260734,3.471359539115781
2000-04-26,-10.3683095724015,10.440874146078507,13.798663370892553,3.0832610132263327
2000-04-27,-8.83608378246851,10.822955196653716,12.449157373856089,3.9660451958922445
2000-04-28,-10.295544289755487,11.24517545465579,12.793327260085581,6.143368074088128
2000-04-29,-10.21743725842398,11.757390940626976,14.161104081988933,6.892596689163283
2000-04-30,-10.081911944144743,11.184651336775042,13.931569455273,6.408034444713874
2000-05-01,-10.223480219261171,11.816117986435184,14.369211021422602,7.254145914866329
2000-05-02,-9.610370520801435,12.416643485563544,14.934153572752031,5.311433184363175
2000-05-03,-11.222853086663028,11.735464129674083,15.898995680415716,5.852803984302218
2000-05-04,-10.41500166447029,10.081488008315262,17.860914899999884,6.36810238851043
2000-05-05,-11.652761554446657,8.46059889936173,17.358283002237886,6.600006697162119
2000-05-06,-11.961108035550664,7.701306265948977,16.700682976017664,6.649751927304158
2000-05-07,-13.337732466657243,7.316856043125377,15.715287009139253,7.069129880631722
2000-05-08,-12.606426915950541,8.057540858894637,16.09470951369842,6.013640255207001
2000-05-09,-13.195236312953364,8.311202403635308,14.718603978204682,8.704911516415903
2000-05-10,-13.692136853874844,9.343149193846227,15.654842706042938,9.487162241240016
2000-05-11,-14.078243210992266,8.614160409254636,15.102294977138426,9.338126634496799
2000-05-12,-15.524062551243166,7.620030021900658,14.91472961515807,7.457050630347409
2000-05-13,-16.37821447126334,9.406820457219302,14.756052447643858,8.654496032222244
2000-05-14,-16.880358078161134,11.11301912778449,15.043249282096102,9.632139000657425
2000-05-15,-16.177835543530033,9.927426245066844,16.339638624731666,8.864338526884325
2000-05-16,-16.060639000777485,10.614695590460135,15.437174925210662,8.2735567086189
2000-05-17,-16.028461321050386,11.858654877391292,13.96456132775687,7.249344116422232
2000-05-18,-15.358742278662168,12.845618801807955,13.778368452487069,6.812449284608564
2000-05-19,-15.258498956074222,13.350249337181957,12.879894743051162,6.0801647411326964
2000-05-20,-14.992954196457626,13.877882660095002,14.83088870885512,5.43974150862576
2000-05-21,-14.891975474176796,14.157155310856853,14.638283851200868,5.561301479574862
2000-05-22,-14.205055059550661,14.868356269144789,15.066155605858562,5.965910436093541
2000-05-23,-12.861990018382292,16.845934359463296,15.72815701260749,8.20075358564702
2000-05-24,-14.554236990164902,17.19684091200839,13.54126885530516,9.711393086918083
2000-05-25,-16.16112413713798,16.674903921917764,11.9529606741735,10.594617748251325
2000-05-26,-15.087082236591872,18.694195566178905,11.186502648428597,13.335394694428228
2000-05-27,-13.490720820226553,19.55859979639497,11.233440958336121,12.556933081685532
2000-05-28,-14.211826929757041,19.35204337051573,11.04905635494345,12.374624498627552
2000-05-29,-15.284537820606028,19.86296384676788,11.10688537930444,11.696928156349413
2000-05-30,-15.717833061362494,21.21211640309546,9.638415831006498,11.46335084897146
2000-05-31,-16.01137492198997,21.07717537023401,9.99333051895879,12.081849957368268
2000-06-01,-15.005305797592905,20.543554490536113,10.718289055178923,10.88827248215095
2000-06-02,-15.016564357982473,19.907580010504713,10.65691486416212,10.51676808277745
2000-06-03,-15.085576835333306,19.985961015200367,10.84549853526207,11.118748924779352
2000-06-04,-16.423589137164196,20.25245212075649,10.306824373989471,10.847334618224572
2000-06-05,-15.428139473556408,20.168529034070787,10.787868041221675,10.455051265954387
2000-06-06,-14.525095434928295,19.618386745854128,11.010182250109734,9.8913851198839
2000-06-07,-14.62247613690521,20.95469326892174,12.259946317438574,10.273329609370084
2000-06-08,-15.05460508398727,19.17020830904308,11.747183596218674,9.607881594094952
2000-06-09,-14.62295649946752,19.419708179346184,13.41637701334869,10.08240932128067
2000-06-10,-14.301778470832883,18.62233966175466,12.028300110448116,9.118976038728286
2000-06-11,-12.640933799624541,19.57410939479257,11.956558198279536,7.9474297645034415
2000-06-12,-10.165193794997098,21.924857050077875,12.76762470688284,6.36257119091202
2000-06-13,-9.923662792185146,20.67523103392997,9.656057986023507,5.373287401054402
2000-06-14,-10.89900006064311,22.74531281221729,9.636513290112962,6.404136436722066
2000-06-15,-10.777324320072925,23.128392556521057,9.74532675407442,6.839492274070592
2000-06-16,-9.541412875152272,23.384668927853593,8.896859108000323,6.537692037119861
2000-06-17,-9.633822782066046,23.596737384818503,10.054621452650968,6.405838805901834
2000-06-18,-10.811187595722199,23.627029179405156,10.093786341295038,5.4988751840145795
2000-06-19,-9.580762375373768,21.685736485391057,10.169732728518781,5.255821508817728
2000-06-20,-9.35877892971147,20.277263399192428,9.76792980121847,5.625161136878391
2000-06-21,-8.315974728467866,22.81507442316732,8.753499645658506,6.331801132217862
2000-06-22,-9.075125674514334,21.112375047680104,9.112494266386967,5.977370785571907
2000-06-23,-7.688831304606646,21.507523911976413,10.537051041040169,5.024240892376518
2000-06-24,-6.843049398210354,20.826631496194576,10.654019022525661,7.388628358708873
2000-06-25,-7.612720694937417,20.72004374215005,9.944986972286769,6.909268902155289
2000-06-26,-6.96588549203959,21.994084039014073,9.600076994371477,6.175319068414868
2000-06-27,-6.958287830235769,22.348071596463,8.640300460383422,6.419650647549574
2000-06-28,-8.182713412156671,22.9646620741728,8.778031943136655,7.1415125706868166
2000-06-29,-8.403971097651606,21.174590715814716,7.825952160197244,6.956425029284438
2000-06-30,-9.715825369798342,19.987558837396705,6.765383966258609,7.819656350267612
2000-07-01,-7.227094798508816,19.793637572688507,5.878519427385274,7.533337463311716
2000-07-02,-6.039699962432207,20.42366512228258,6.404722999727046,6.825651393639521
2000-07-03,-6.215207514921055,21.223948913064074,5.707995623427761,7.133553325880286
2000-07-04,-6.5933734138443185,22.19026221162107,5.009498986850368,7.41877699330596
2000-07-05,-6.65300548021052,22.42926344864083,5.907997715555799,6.2322560793847614
2000-07-06,-5.524864675046295,22.565533673934915,6.4274685917876075,5.250967345188606
2000-07-07,-2.553790267922757,20.150724445386395,7.098414107765639,6.842810129222944
2000-07-08,-3.0902138287074834,21.345343313975576,7.842330621099904,4.924108563674235
2000-07-09,-1.462653978933144,21.54662185183099,6.860815907802209,4.952877068194314
2000-07-10,-0.14020314648048027,21.929426032839498,6.300796414971533,5.095059468749909
2000-07-11,0.14836211761604623,21.88729203338282,4.7787098884656976,6.983308143524635
2000-07-12,1.6503733792546873,21.34093256320292,4.058558069932031,7.864518476039306
2000-07-13,1.6545956329130538,21.021151817616193,4.0718634124938085,6.9854953677572
2000-07-14,3.1094712105647115,22.42734963506477,5.905587194222662,6.753227862198311
2000-07-15,3.5507305387234327,21.616194294099316,6.096118174541434,7.421566090563865
2000-07-16,3.5316939847937734,24.10880696206037,5.4759737017570345,7.685475518822701
2000-07-17,4.185127135984709,25.402264069795084,7.247313982893866,7.31445213786153
2000-07-18,5.062249907130838,25.670270846501932,7.472391997123903,8.012162130192038
2000-07-19,6.607050370780396,25.003952516834595,8.432762764844039,8.716950677950429
2000-07-20,5.149316735118919,25.99252961936018,9.132461408767302,8.424564910192005
2000-07-21,4.637859953241708,26.209943891366535,9.937603866808661,9.855722697171707
2000-07-22,6.720700706427076,27.555091642526648,9.749034145053482,9.527487145765917
2000-07-23,8.978370807073853,27.743357241580675,9.613740169252264,9.169634321525276
2000-07-24,8.406598737783707,29.179415835924736,10.766525672120098,9.468672181113103
2000-07-25,7.066484070351674,29.34544429634294,11.030055186831351,12.166971146221536
2000-07-26,5.695128906521617,28.77781471625886,9.51670235224451,11.837490534359448
2000-07-27,4.132801072405927,27.89877470228116,8.823408722987372,12.509123687178937
2000-07-28,4.936735972449611,26.669856576689252,9.930880007219093,11.806285258676926
2000-07-29,5.160518639691858,24.37257109400514,11.239665937935449,12.482417745554045
2000-07-30,4.9135908612213415,23.967399536264907,9.940385149528517,11.673304467980778
2000-07-31,5.233101144558754,22.46484772848352,9.17031824285853,11.668076911825574
2000-08-01,4.092812245607088,22.376898669109,9.536680095646654,11.685167611747103
2000-08-02,4.916056699400064,25.295915406479242,8.509858753369814,9.03051483638725
2000-08-03,2.5897257920789087,27.373310594287005,10.043572718893142,9.372517515123493
2000-08-04,1.37514993960909,27.035580339053244,9.161374833771676,10.81060150964132
2000-08-05,1.1914619295176676,27.45265338823545,10.367967069269266,9.506588298793814
2000-08-06,2.096948449870267,27.942165548948562,8.935775717575819,9.487115457184464
2000-08-07,1.9809685619538258,27.40138082560364,9.317868308579053,9.20177909972427
2000-08-08,1.5930083645410842,27.128495383317727,9.885321011923342,8.036708524319831
2000-08-09,0.630737554701598,28.049440339995247,9.721451587854604,7.503233594089703
2000-08-10,1.1745743872051433,28.803220679696253,9.339162074646056,7.512673150755355
2000-08-11,1.2235269358247263,29.44762072079746,9.967650388652718,7.170709886652191
2000-08-12,0.7477857606013507,29.51725133192877,10.899843286451949,7.214143998362748
2000-08-13,1.3432207807389913,30.96930538881974,10.92407500870817,9.32059284539164
2000-08-14,0.8351374390773486,31.8375651555104,10.827565104890377,9.06171701146516
2000-08-15,0.7411706911941889,32.176106856987474,10.304421530302314,9.096627579816257
2000-08-16,1.705144711083955,30.156030933150753,9.560524571825187,7.72565185123295
2000-08-17,2.9998151011127465,29.508760518538033,9.260201684792767,8.160719053457917
2000-08-18,3.2568888301701073,30.21109034139228,8.992980224113113,8.11958919620756
2000-08-19,4.682114532741476,29.304232560606145,9.445091538117616,5.6651328852900456
2000-08-20,3.935061124355955,29.36208640918118,10.482938884959081,7.00849073211768
2000-08-21,4.888293143795495,30.548338115627892,10.75722757066265,6.042293163848969
2000-08-22,4.0239161019480045,30.685330753428477,11.939541092566094,6.798114871539868
2000-08-23,3.034098917224818,30.927781982500562,11.565319923237857,7.52970315316291
2000-08-24,3.5546844954903287,28.517023801600647,12.154909443547268,6.099422688746518
2000-08-25,4.194525484656838,29.41112749337625,11.75693548599176,5.902296271358087
2000-08-26,4.980895902722256,28.219509116855534,10.955954855715795,7.3999110724214585
2000-08-27,5.968109884623559,27.12414380305371,11.533378430085813,6.63238324314816
2000-08-28,7.612854704079917,25.218243093474058,10.141370506254768,8.107443278323279
2000-08-29,6.91616733522349,26.48059070249428,10.7773437891133,7.798480384703375
2000-08-30,7.564523734891351,25.796450102366155,10.863015454243241,7.37091206256415
2000-08-31,8.55622988890931,27.846604173117655,10.596456224634528,6.146929835294569
2000-09-01,6.544845842457798,26.736365184106457,12.252906754978865,6.4422212679915285
2000-09-02,5.410212334085132,27.156641811848854,11.869641696187601,7.099671185634248
2000-09-03,4.41605696710218,27.899199803477618,13.214758188867355,8.395363722546216
2000-09-04,4.7514007435302625,25.96015148093065,13.329963600640575,8.789764005501725
2000-09-05,5.333003498890138,24.86700639871731,14.345663801016737,9.861427866830415
2000-09-06,6.359652254598102,25.60514653817508,13.936298660066555,9.84751398587546
2000-09-07,7.827485846918442,25.070868067875868,14.124887632850019,10.569652740848573
2000-09-08,9.012059024476402,26.720333369127626,14.476524220716286,12.565027075769414
2000-09-09,7.53762673671841,25.585751721264682,13.292005806364067,12.104256397691417
2000-09-10,6.816070322830794,24.639355477717192,11.331371555197997,11.60428263342756
2000-09-11,8.113383613092532,26.37973336460152,11.049333964363896,12.264699633977783
2000-09-12,7.434293510556955,25.107884074700237,12.347555103717989,12.312820298889628
2000-09-13,7.641287890068691,25.729713387177043,10.713675068568532,12.390938573349239
2000-09-14,6.387272128266806,25.405157850730443,11.027252993200843,11.436542135560765
2000-09-15,6.19524129893479,26.147639825058206,11.572408449665435,10.825159622208105
2000-09-16,6.509309437292164,27.059874387375217,13.072393711695387,9.397805482872942
2000-09-17,6.209077505984533,25.942577641625178,14.402021828202354,9.468297929065844
2000-09-18,5.977604821061027,26.427108813020244,13.756129885763487,9.053382261511912
2000-09-19,6.300863991609427,26.58819842702454,13.53608302893419,9.64539104619795
2000-09-20,5.785983093148152,29.121150074228623,13.100529214302655,10.389975897086472
2000-09-21,7.516896418191508,27.596550011392136,12.633027936575994,10.015066137506532
2000-09-22,8.379932804777576,26.112147402107915,10.741514801248151,9.798103564059524
2000-09-23,7.386412210283576,27.393843646592938,11.042114990684965,10.646517101538409
2000-09-24,6.657806452424594,26.696294700130327,10.02718725481482,10.55970303501621
2000-09-25,6.129383335391594,25.72259506319835,10.59516365895631,11.650185071051204
2000-09-26,6.7510357255101106,25.37713117248869,10.534906878433596,11.12141780946659
2000-09-27,6.537731179167252,23.63422797214636,11.38378763948705,10.225606920463159
2000-09-28,7.746149850693684,23.519730836008343,12.327823043588843,9.373977856459115
2000-09-29,6.697038321796597,22.742230302798898,14.0291136399318,8.174754570787101
2000-09-30,5.737398105493082,21.7592106066369,15.843353955776402,8.174549800682295
2000-10-01,4.830002434619272,22.306429938858813,15.794484450752911,9.26190083522863
2000-10-02,4.171875008661856,21.98789312378729,16.033596895084386,9.323232176403867
2000-10-03,2.082472876530953,23.5048534208563,16.136221229376716,9.816730997017654
2000-10-04,0.926732820307204,24.45429200855271,16.802857792832803,9.77187800320364
2000-10-05,1.7095400141285515,25.2270960935109,18.00976241652895,9.989996036071783
2000-10-06,0.7168866095382764,26.24561774801836,17.80036088966976,9.943270428234428
2000-10-07,1.334001882586634,26.844545927884766,18.423632446683495,7.936117901923942
2000-10-08,0.6826278968264445,26.627878514066087,18.467435333391517,8.659707669795756
2000-10-09,1.8118839327708927,27.692070600099157,17.87513311446263,8.910055061832724
2000-10-10,1.7192776127412535,28.142306813787194,16.892137384037465,9.912540063682085
2000-10-11,0.9854854667829558,27.623653959656835,17.338742358065627,10.896838361410547
2000-10-12,2.2669887314984276,28.283149706831203,17.57232502409035,11.60262473623963
2000-10-13,0.58480798714844,27.47951308769582,18.112796668481977,12.411541077857459
2000-10-14,1.8291599817821493,25.99894794554422,17.744437366201197,13.276773850305085
2000-10-15,2.8577704965772077,25.214118332912033,17.36339814198777,13.968985222376975
2000-10-16,1.9754212104046118,25.596294441102682,18.232582983751403,12.816728126876228
2000-10-17,3.4326684457138943,25.665545363581618,19.915320423101516,10.92967631632644
2000-10-18,3.6686899302355864,26.9815513024246,20.04889750876799,10.615195284229703
2000-10-19,5.118925185460927,24.931846347788458,20.177009594158598,12.441374812462886
2000-10-20,5.445026470395606,25.061930806285215,19.737185417625184,11.96837763166649
2000-10-21,4.836375275820071,25.399058244693986,17.864888398955035,10.895487610717112
2000-10-22,6.378300791669134,25.129797671693996,17.893484185813,11.55876301656994
2000-10-23,6.221192874999434,24.255071543955363,18.00892451103877,11.67425360048712
2000-10-24,7.136818883785751,24.805999119511625,17.92216163212721,11.895377619484249
2000-10-25,7.27210749081803,22.429804181057428,17.73194050911491,10.167128931585617
2000-10-26,6.523909221510021,21.05091809652614,19.548558115479103,12.663576562696623
2000-10-27,5.3547714855191755,20.49762431742963,18.898713262381673,14.164811895720193
2000-10-28,4.6026521779990315,19.68583764456515,20.63371936242224,14.330430399027517
2000-10-29,2.237512711897415,19.297955803556302,20.16952201987444,14.471963476561461
2000-10-30,2.632534267393058,20.231481784742925,19.516633353667725,13.794098167573587
2000-10-31,2.355742284130166,19.35312678876881,20.110215564210332,13.360970727720053
2000-11-01,3.3137953700573206,20.580097617532335,19.807250686945963,10.842414962228453
2000-11-02,3.920897230667692,19.793693130632445,20.848877447087606,9.631653604112143
2000-11-03,2.4662128184737506,20.62883575558918,21.67085213527773,8.818909678261711
2000-11-04,3.8324470483046778,18.722914527349964,22.023412103186484,9.222313461087083
2000-11-05,3.5519190570760517,18.160707079928923,23.405131818251654,10.03448884233598
2000-11-06,3.729129913976348,18.096748551249796,22.4782675037359,9.876843073704064
2000-11-07,2.107404676196345,15.363009714620654,22.023411705059647,10.610459246075443
2000-11-08,2.7082160197258855,16.037704194859426,20.741429126431527,11.32217943807379
2000-11-09,1.9949673803212329,16.338779411290997,18.933371738511838,10.85475431508082
2000-11-10,1.9040153131602777,16.90197784482295,18.598488909439965,9.98297792851836
2000-11-11,0.9418832229560693,15.934890137003638,20.600938912000196,10.880158243361722
2000-11-12,2.9433433935779245,16.849786119820703,20.526428377721214,10.034831432607437
2000-11-13,3.3773105497159768,17.28654517379833,18.67827326283029,7.332078295921912
2000-11-14,1.1887201852746418,15.443078239654554,19.28494360721977,6.6147110363370265
2000-11-15,1.3437046692606196,15.303600450406657,18.709661349761994,6.567570653556771
2000-11-16,1.5977265650104013,17.442127589154957,18.702670888537934,7.053875338626289
2000-11-17,1.443296427897835,18.47871596552401,19.15505617573368,5.511056959880355
2000-11-18,-0.1252193556374286,17.25453296457507,20.39489518871913,7.464192314286862
2000-11-19,0.908338752952305,18.520837393452446,21.393596174835565,7.96266588545747
2000-11-20,0.9101493410809134,18.26822060406758,22.33265027780777,8.182243748490386
2000-11-21,1.0230573054493157,20.56166508745005,23.761878855998507,10.76407041221566
2000-11-22,0.605594080296084,20.519117713642117,23.096413445964654,11.308473128611649
2000-11-23,-1.4803935363413894,20.585047004577373,22.750259365985684,10.27256886047105
2000-11-24,-1.8333646120369766,22.407835320498275,21.100969602568156,10.090025457301941
2000-11-25,-3.270449824178837,21.162096577506766,20.111226747440938,10.311027355647967
2000-11-26,-2.9449577575106116,21.582757910705148,19.45514083023038,9.82897306031132
2000-11-27,-3.81885367173884,22.5648547640258,20.938373836898126,9.821605677448009
2000-11-28,-3.1802749809137754,23.65917917861427,20.999828294936915,9.444710357276605
2000-11-29,-2.833324913066143,24.661591591920377,21.664656113275665,9.446739770782447
2000-11-30,-3.008448602261448,25.424583984626867,20.808815082051026,9.382497769412256
2000-12-01,-3.1297136223602284,25.017152303659973,22.026280525434334,10.293571709578353
2000-12-02,-3.9957495501458093,26.893931078576177,21.078802742852442,11.05457386342083
2000-12-03,-2.289346799834767,26.69367812824134,21.275655757723378,10.790802192413127
2000-12-04,-3.758571301572527,27.56645483810119,20.69957563536233,9.650045805632667
2000-12-05,-4.53173318763633,25.844590663122393,17.846744312303045,8.164785244701566
2000-12-06,-4.467112287621077,26.57893704982536,17.603727224570726,8.177702911607726
2000-12-07,-2.999279664718973,26.8378773323055,17.589701002455236,9.972211247825806
2000-12-08,-3.51817809855228,26.92270176175335,19.191926112252187,11.162642061577774
2000-12-09,-3.043239938050792,24.789510158956436,18.93680179472756,10.930686047930557
2000-12-10,-2.7681826102348426,22.74038767591913,17.081428596669006,10.961697209772094
2000-12-11,-3.822881085456869,23.514679717981668,16.805680829712358,12.709503320065451
2000-12-12,-3.2567659018649846,23.136745955600546,16.83789062752456,14.761742950280807
2000-12-13,-2.785477201285442,23.163365202337992,16.577362540237065,15.204848576757557
2000-12-14,-2.357774893668418,23.55276200122683,17.952854441227252,14.415912742270468
2000-12-15,-1.7688545987644235,24.418605793047345,17.50124802981838,13.821969241403542
2000-12-16,-1.7856857511329125,25.25142974765883,18.887052191259436,13.600245273591467
2000-12-17,-1.5953588958102383,25.653653140842973,19.84824319068005,14.091365260939366
2000-12-18,0.9870482991276905,26.37972426429466,21.342221387946125,13.217301394596719
2000-12-19,-0.8433012852685666,26.99987970374586,21.20082797055102,12.730086694188346
2000-12-20,-0.42810567796105403,25.605211925430883,19.781527402726205,13.190858418751668
2000-12-21,-0.030523357026046305,26.123498869870403,19.968860054194757,12.324084283475774
2000-12-22,-1.5934117952494684,26.020809089057046,19.57713899685412,12.610865978794907
2000-12-23,-3.1138122012275824,28.472671893663286,19.683701055291746,9.763217236374242
2000-12-24,-2.1843294991419975,27.090308334901792,18.938907601456965,11.525761543153724
2000-12-25,-2.1960607012047997,27.154267323651947,20.727308831819325,10.76699035741481
2000-12-26,-2.7329105399960403,26.155961717951516,20.555014894124465,9.865496838742018
2000-12-27,-3.1946346198715543,25.94764224877734,20.715925816438084,9.776993017451177
2000-12-28,-2.857323535114966,26.64100144312944,21.836827962618607,10.346736779400212
2000-12-29,-4.636527164393424,27.307603824367963,22.413901320579257,11.46743182020062
2000-12-30,-5.432510167420133,27.173222658896414,22.447246212136967,9.400931772583071
2000-12-31,-5.054383721612102,27.45669807710504,23.87387070027863,9.029586669498329
2001-01-01,-6.433217731470858,27.174445605725477,24.30980726656747,8.347319279151769
2001-01-02,-5.277818641876278,27.59892490400037,22.692906655797344,8.031911105257521
2001-01-03,-5.448923556672195,28.222152510448204,21.30503196337199,7.424922928413086
2001-01-04,-5.217302415379622,28.159722061787757,21.493921115294523,7.497522829414345
2001-01-05,-4.590577825916451,27.91841857656731,21.298294178351217,7.22132068657131
2001-01-06,-3.814896572473232,27.596582642476054,21.79483776156343,8.883614338225165
2001-01-07,-5.224372492399571,29.282710686567473,22.189867026076847,9.803620378901996
2001-01-08,-4.509396576652001,29.608611232683675,23.267802100109037,9.770502121991136
2001-01-09,-2.823068179358291,28.275207347485683,22.842610697450688,11.139546263743833
2001-01-10,-4.116663255324708,27.196425197711534,23.662362683665883,12.542907777370331
2001-01-11,-4.154238031780821,27.56000665451451,22.560263546656053,14.037140226516634
2001-01-12,-4.689089530974835,27.78731549039811,22.708588447568474,13.098802575832512
2001-01-13,-4.600440864255265,28.40182796267876,20.311716992394373,14.203629914332517
2001-01-14,-4.621006471855477,29.470739130106917,20.84176988126445,12.567017839423967
2001-01-15,-5.8885566928304165,29.838236886720285,21.32886525668187,13.185954210793428
2001-01-16,-5.874252763289858,31.849668801526768,21.04436903714259,15.01670287958722
2001-01-17,-4.49496504712728,33.02337433334106,20.718776973481702,13.181403922127735
2001-01-18,-4.45379777574572,33.35982780361456,19.83164850106389,14.267592765201432
2001-01-19,-5.96191659926897,32.38409668275627,19.614121528908456,15.05714346276027
2001-01-20,-5.31925421894503,31.267482155876884,19.47740324940142,17.576749013873762
2001-01-21,-6.20531566036939,29.854229766192628,19.83221459109505,17.746425126111447
2001-01-22,-6.429163986944411,30.627455991803068,19.238884188469928,15.857392630098571
2001-01-23,-6.758532024540257,30.251632822645565,19.86442141270333,14.046301204506252
2001-01-24,-7.513783157733656,31.550217476490353,20.053859733749636,15.005957828871523
2001-01-25,-7.560001278311402,31.230283189602172,19.34611285157573,16.975117973363606
2001-01-26,-6.4392589155109565,31.201174196151456,18.519563136088397,18.525414356068627
2001-01-27,-7.4093432779951796,33.15972986246716,18.968445343823735,17.841316961691994
2001-01-28,-8.71896467520339,34.40567767920727,19.390720618632766,18.535020743548383
2001-01-29,-9.359051500039774,34.089585902364156,19.831599833140583,16.98300425294971
2001-01-30,-8.151795812617891,34.542586192394864,19.53976032070885,16.20386698610602
2001-01-31,-7.358078865021385,33.08005960554725,19.356321763480427,15.08600038771748
2001-02-01,-7.377405874264809,31.99550358654257,18.698172301343305,15.633305808441278
2001-02-02,-8.551421151494424,30.811705501886507,19.95902577749304,15.92151836670178
2001-02-03,-7.859091253008058,30.818259157194095,20.572565462963514,15.974785460172843
2001-02-04,-8.861733026105055,30.896035649148793,20.698334521557634,15.508228748671314
2001-02-05,-10.820424388937969,30.336144254497327,20.988933094330687,14.931500219492786
2001-02-06,-11.98831242776989,31.30927398477785,19.70024477360723,14.7842876124707
2001-02-07,-10.967466387699616,31.631008733256504,18.932186409257447,14.94551061935987
2001-02-08,-11.49568918077738,31.918699008675507,18.61336012201778,14.617925423582378
2001-02-09,-10.341752983348101,32.2515098241867,17.968129839870674,13.44636552795527
2001-02-10,-9.74026591241613,32.62787897018879,17.876448852957694,13.866170137382865
2001-02-11,-10.067059370932537,31.82870938047414,18.770193999773802,13.198977809655501
2001-02-12,-10.973310095162153,31.808895259062915,17.581436297413234,13.943942738842194
2001-02-13,-13.082285075374227,31.798698361539035,18.229152818329617,14.475765430157121
2001-02-14,-12.572239924974541,33.93708114084922,17.5915206825247,15.916531407225223
2001-02-15,-13.720870397324662,34.64613390715814,17.305240916873238,16.500758978247273
2001-02-16,-14.381761765623162,35.57222367431893,16.712600295834633,16.91066153041711
2001-02-17,-12.619598303556439,35.045460202118534,16.013650869567215,16.642144954747305
2001-02-18,-12.862112690433413,34.57366387650034,14.716408122450396,17.298285300893138
2001-02-19,-13.360793876405923,35.72109837205385,14.098318755674494,17.47594640865036
2001-02-20,-13.66160368747673,35.87406347343027,15.366738372158029,18.88265186379202
2001-02-21,-15.658951336951374,35.390881870587364,15.647298438495119,20.43398426540994
2001-02-22,-15.036577668896985,36.60304096287135,16.629829518504636,20.374639955500975
2001-02-23,-15.293087601379295,36.92366301531523,15.018487406307399,20.639632946308353
2001-02-24,-14.247768593660156,36.51709685325045,13.860695219865962,20.515585571842077
2001-02-25,-15.142429882224706,35.681999552720555,14.666049873901423,20.4883298953747
2001-02-26,-13.711821273387562,34.80318692940171,14.26597664585368,19.68234954363701
2001-02-27,-15.375344084233248,32.994247944230935,12.023710788425014,18.72926551451806
2001-02-28,-15.50029695807577,33.234992761822404,12.61386115549445,18.190732698079696
2001-03-01,-15.455482389755408,33.57644087453678,12.567250788768291,18.240656401801576
2001-03-02,-13.930888179290502,33.22777516849497,11.968982464085421,17.905523688183965
2001-03-03,-14.427003094076577,33.28344013462049,11.450615524517362,19.181896599175545
2001-03-04,-14.67462105514693,33.47976681597953,11.38547014045793,20.125674212359804
2001-03-05,-15.088330005511693,32.528626269684246,11.779163633870883,21.413328225787648
2001-03-06,-14.587889011192763,32.98840865201936,13.184531122247952,20.950978925609995
2001-03-07,-15.86042007039158,33.36482544390853,14.139370081703765,21.135349588841862
2001-03-08,-15.150038418586833,32.772161109900246,12.883857791033641,22.80704049849273
2001-03-09,-16.68993619239526,32.18191964082107,13.658237306443636,23.02677685735817
2001-03-10,-18.294223927287224,31.555671442703964,14.481282923537886,22.583904480517734
2001-03-11,-17.396164777483058,29.906447738132048,14.124238991626171,23.742558310819934
2001-03-12,-15.910184169263315,29.59722814499513,16.562337149174937,23.697122691761802
2001-03-13,-15.543921678886045,29.691065902389603,15.195257297646044,24.208909477462292
2001-03-14,-16.701968994036225,29.281034259467337,13.358140571202835,23.53870421417067
2001-03-15,-16.185219303328807,27.697828703367364,14.047817132581056,24.345496193462797
2001-03-16,-17.80051994137947,28.523416568632275,14.229239826383981,24.970202540982534
2001-03-17,-19.042123803174196,28.663117977596993,14.781733793262521,25.65187540450026
2001-03-18,-19.095610055183805,27.134332006376265,14.80563118368531,25.643939196045658
2001-03-19,-18.141125995181408,28.4180049481535,13.529581026912478,26.45595090269884
2001-03-20,-18.33155335541225,26.506507759101208,14.000557925448428,27.021648200112615
2001-03-21,-17.850145807771774,27.835039118738386,15.176365460409869,26.183628722738426
2001-03-22,-15.603480912597245,29.678938426911316,14.090820498789302,26.08847816735281
2001-03-23,-16.47740497154764,30.36048008778666,14.40944949772369,26.24438589175677
2001-03-24,-15.234206830721256,30.69901430249684,12.054632500042493,26.432964434180054
2001-03-25,-15.049981185385354,30.918956905629102,14.739742812074244,25.540626885340757
2001-03-26,-14.461051732117545,31.20784382195446,15.161301151415552,26.128980822812753
2001-03-27,-15.351168131958676,33.22961041419026,16.251447764014,28.45803604694738
2001-03-28,-15.827234025895915,33.12712811034178,15.951134195016563,28.455057371232865
2001-03-29,-16.21811553430424,32.09033136421936,15.48418694041964,28.173779393806285
2001-03-30,-15.623013410957755,34.18928871746117,17.736700894119696,28.11756636710193
2001-03-31,-14.664038172329548,32.770518839880715,19.98920741691954,27.934812565014077
2001-04-01,-14.226041099488283,33.43451997366494,20.96868804882398,27.243028541188473
2001-04-02,-14.485226192640615,34.66969655338775,21.006302503162587,26.04736655285081
2001-04-03,-14.086767853462291,34.2184476958112,20.026375590742113,24.787831136903044
2001-04-04,-14.602919520611787,35.69451446829259,21.27061233069672,24.834005098840485
2001-04-05,-14.917619319694257,34.9595513738403,20.221997445460442,25.277295981585368
2001-04-06,-14.050636254827912,34.677613532664566,19.30460414659442,26.166994954806054
2001-04-07,-14.822966184215023,35.414330082745046,20.16351153639515,24.98499754995327
2001-04-08,-16.461436727005317,34.707805899136616,19.661155415900463,25.400574020896617
2001-04-09,-16.550635487884,34.10846051849657,19.229116852327206,25.149764535178008
2001-04-10,-17.172669553324482,35.64385673303556,18.456425954222038,25.25100719223828
2001-04-11,-17.744634319493603,35.00984735798188,18.68970124310254,24.190165251363354
2001-04-12,-17.731015604410857,34.153355319288046,19.07468312071527,24.102409646088883
2001-04-13,-16.799592460678454,32.96945188191163,19.385456548859583,25.718548954166256
2001-04-14,-14.844462431677588,33.707800887033436,18.244088972975376,23.19122402907974
2001-04-15,-14.331445291437733,33.56603031244718,18.92101357485012,23.552540085331067
2001-04-16,-14.929952628939189,34.34077351495045,18.888160520091134,24.963197772963078
2001-04-17,-15.714118234962015,33.91663567530707,18.54844311512053,25.14257076543337
2001-04-18,-15.663614611098815,33.779477936536715,16.84538770445537,25.102572861269852
2001-04-19,-15.686089592050864,33.245262965014916,17.26473152883958,26.749473687859975
2001-04-20,-13.56768605390598,33.64328845741817,18.343096596255624,25.542002279216167
2001-04-21,-14.91098099413018,33.7406646818929,16.93905673084096,23.461669003503154
2001-04-22,-14.063213825311056,34.97505901752235,17.08963861796765,23.007108334000147
2001-04-23,-14.082951536608485,33.17319671285556,17.616425262156557,22.97976187399953
2001-04-24,-14.750344446189514,33.01353636116468,17.463705972541717,23.27802464489722
2001-04-25,-15.29349338716565,32.48083262503803,16.21276080932515,24.14409457221398
2001-04-26,-15.96302189477295,32.0381226412193,16.643669945318234,23.931434217396244
2001-04-27,-17.28060832524284,31.77357204687498,15.489001710174835,22.526532957889682
2001-04-28,-16.597326077666025,31.393900191830785,14.989553861552105,22.005503906737445
2001-04-29,-17.07842601169557,32.9478257372843,14.374935291159844,20.92981875031027
2001-04-30,-18.629546930278483,31.29429545193736,13.273963679071445,22.616669222960244
2001-05-01,-21.119252302539913,31.769535591037627,12.86832366471409,22.109960451581454
2001-05-02,-21.905249825871067,32.51854368787912,13.115020645341167,21.445584538473202
2001-05-03,-21.95803444163036,32.36717700446041,14.642571296737207,19.79223474171931
2001-05-04,-21.128486730142953,31.593847806506144,14.63584740073585,21.08773765201355
2001-05-05,-22.724108186818054,32.26549848796567,15.464783139216449,21.651663120404123
2001-05-06,-21.919361064311616,30.809953827238573,13.732957726782669,21.420899994257947
2001-05-07,-20.63354495609088,29.168664544483537,14.356645559459452,20.600107300791432
2001-05-08,-21.083132135390617,29.766213125559943,13.650334218829302,18.719069412644867
2001-05-09,-21.338166191191345,31.71645567467607,13.92178572717678,18.72684791875111
2001-05-10,-21.60785967691346,30.621900762477143,11.696863928496747,18.34162971512116
2001-05-11,-20.180903878827934,31.399508807128544,11.811170059963658,19.369763320521518
2001-05-12,-20.625892979030358,31.794630590262337,11.204929767648244,19.425909170279624
2001-05-13,-21.13853953920168,30.3932822666402,11.92551693642667,19.12332253314533
2001-05-14,-20.46317740733665,30.101135869984784,10.211897448511198,17.559524627109457
2001-05-15,-20.449546965119122,27.863093976055993,9.955728514904008,17.25073182013967
2001-05-16,-19.683979564940515,29.689721443439247,10.195408689356162,16.514790970590173
2001-05-17,-19.63626804737339,28.83484579033344,9.833818273673119,17.932091141736983
2001-05-18,-19.88560352771714,28.90576874455008,10.26604203340796,17.232996236489218
2001-05-19,-17.931262317070026,29.361593215427938,11.255524677360949,17.49148539544555
2001-05-20,-18.752168529232474,29.89905603370048,11.0263405056396,17.508847315479855
2001-05-21,-19.297616171654994,28.96530506142858,11.959058745832548,17.427637248031466
2001-05-22,-20.67651835122028,30.07933509558267,12.498408942892247,16.38414656335528
2001-05-23,-21.22874767686385,29.780024945154008,13.219620190715345,15.25144116215966
2001-05-24,-22.21588570962078,29.47443707831935,11.832470472107808,15.613879032860881
2001-05-25,-22.017933304883822,29.445582659899447,10.159879131347047,17.01221543756882
2001-05-26,-21.260130195887943,30.32235211664445,9.613584859480001,16.720994840169105
2001-05-27,-21.38922884087907,28.713663610771487,10.522849265855102,16.246257924259353
2001-05-28,-21.231270874707388,28.302050368727453,9.786973840004215,18.694215665072896
2001-05-29,-19.48907441774205,28.784964739149668,10.504269720439424,18.835214958653623
2001-05-30,-20.813629541092,26.954468796812286,10.425484486646628,18.924690032460845
2001-05-31,-20.550561755384688,28.078996736035027,12.378718672103163,20.938013913844486
2001-06-01,-21.256617897493538,25.815946701748604,13.978700048577153,20.190220447735513
2001-06-02,-21.697465093809555,25.44420526109075,13.733648810692527,18.678717153357994
2001-06-03,-20.751927644899872,23.243861621086577,14.630888117278946,18.544502647695108
2001-06-04,-21.22098293905794,22.408402456962946,14.592264731250228,20.520338463911113
2001-06-05,-22.619207712136788,22.99509867536659,14.908623350771517,20.14149916288251
2001-06-06,-22.437026586284862,22.962374706955128,13.64343909268281,18.4569332249954
2001-06-07,-22.120117812522086,21.212466318461274,13.8914404241029,17.137402543951236
2001-06-08,-21.119985961095473,22.31902285131001,13.8334569043112,19.200702402190643
2001-06-09,-21.495332655785585,22.035562948534345,13.965728238505367,19.03427406366582
2001-06-10,-21.10029055890699,21.816868215877392,14.275521246942377,18.976695578302653
2001-06-11,-19.208839675388862,20.715241653776594,14.215749881576427,21.069863124108927
2001-06-12,-19.756128282607293,21.01183101260218,12.533084798634318,21.438230341942344
2001-06-13,-20.045869088914824,21.461176284512074,10.046185594008579,20.433719177233044
2001-06-14,-20.12778058276433,20.355368947310073,10.772920004237282,20.77717171389323
2001-06-15,-19.88531038191539,20.271963920720616,11.630957681994255,21.263221377666188
2001-06-16,-20.213474835746897,18.99836450207828,10.27253338111034,20.53468469498057
2001-06-17,-20.16448952508716,18.960291851104405,9.504482951464317,21.567450661078645
2001-06-18,-21.116064157606317,20.49190993155365,8.890505964968298,21.827707861482438
2001-06-19,-21.210269340853415,19.393176496317096,8.791870206015357,21.397375261887625
2001-06-20,-21.05026821186881,18.427528918050616,7.915863377756757,21.6267749412852
2001-06-21,-22.97267371444513,18.698806536414402,9.113267016131198,22.243335019455994
2001-06-22,-22.1701739039223,19.403755920624423,7.988587487227267,21.772665623497065
2001-06-23,-21.175116662451334,20.42587596078072,7.814633560299994,21.343408053724882
2001-06-24,-20.92240426634402,20.890548306552787,8.844152078196588,21.972904713997803
2001-06-25,-21.357282307200187,20.64939645876943,9.811375701543142,22.56555440710483
2001-06-26,-22.03879563303414,20.297548574331813,7.841265891812127,19.987489038237726
2001-06-27,-22.424892052349165,20.969794566984415,8.702698392572593,20.25038374421623
2001-06-28,-24.553398679676505,21.10562734901839,9.779513966002888,20.54053714189598
2001-06-29,-24.515748556554264,21.80870981935195,9.40268195412167,22.135476887696004
2001-06-30,-25.01320280446132,22.498031384352984,9.937037685849452,22.893640230990297
2001-07-01,-25.322820831234072,21.968688362170436,9.290786643303628,21.331063810307924
2001-07-02,-26.93696659267468,23.65709220006303,9.464212573093372,20.148106844072917
2001-07-03,-27.01563653572754,23.62392647979165,8.146979520523468,21.45130143286832
2001-07-04,-27.546882788585776,21.593967488996398,8.313251581464238,21.53463918304233
2001-07-05,-26.17821676035979,22.80246807059246,7.8611385768421265,23.114835385003456
2001-07-06,-24.078898379526095,22.311688230089544,8.271659506166134,24.193890719972234
2001-07-07,-25.263577301536518,21.275168707675235,8.60220073118296,24.150057595472468
2001-07-08,-26.096699091012425,19.377821351183705,9.564432890833466,24.564566476741565
2001-07-09,-25.354760933729988,19.238943833782884,10.369748845151793,25.345871114385538
2001-07-10,-26.132594766368552,20.81926249150733,9.94357119915033,24.671411023402246
2001-07-11,-23.207465019481354,21.805168417963,11.429249789191896,25.095671805446845
2001-07-12,-22.93884713570792,21.29128955335114,10.85611572676919,23.161603622512704
2001-07-13,-23.73832403733039,22.42723387535305,10.579218473663536,24.202179612864935
2001-07-14,-23.53272227647183,23.269717447593024,10.789133654590598,25.228821013504145
2001-07-15,-23.550289448343108,24.600635095151517,10.818140900978927,25.989026074757664
2001-07-16,-23.170581395076116,25.7365874274603,11.22122336140771,27.533176956338497
2001-07-17,-21.10535534649105,24.504737660715634,12.584890129841268,25.487445794054608
2001-07-18,-20.994956706284697,23.73604716246125,11.743816593689935,25.587971063955784
2001-07-19,-19.991046322470247,24.011910346591574,10.276953774181496,23.603758496191226
2001-07-20,-20.095939534617482,23.425079992867573,8.521387767936787,22.459679657376117
2001-07-21,-17.979280982874585,24.589966813523805,5.548940567271266,23.790482258258777
2001-07-22,-18.570214596782133,25.01987705894421,5.606083698739197,24.879365442560683
2001-07-23,-18.41814536970151,26.18908149396634,5.092021146842836,25.321966437260215
2001-07-24,-17.63150570098466,26.731234153297105,4.2855572827102275,25.738323897581495
2001-07-25,-18.247695644004285,28.737069004376977,4.047411920433555,24.780155194934707
2001-07-26,-19.64510202122078,29.238767196890716,3.516568017756178,23.997977686661958
2001-07-27,-18.561295868287008,29.2263937751876,3.4049596033036114,23.54650454750483
2001-07-28,-16.77702158860419,30.25558067225233,3.2450174190436654,22.315222336404272
2001-07-29,-15.599527599064528,30.584740743472352,3.6647349262269007,22.48279455652331
2001-07-30,-17.556692383058035,31.14226940891193,5.375708462485111,23.03473397309525
2001-07-31,-18.0650096485624,31.08120351730094,4.695848752741975,22.440660232912506
2001-08-01,-20.152795658369417,31.20267452804664,5.986876514674618,21.625377491753657
2001-08-02,-18.67055164611692,30.905513643206188,5.590201328001427,21.424160934526626
2001-08-03,-19.890294206187733,31.182483169789318,6.258083790620028,23.92903162374429
2001-08-04,-19.76915569035024,30.33038145848505,5.981807242818563,24.552387578513255
2001-08-05,-20.606127448998322,28.72916950447435,5.408613496058187,26.93505826229319
2001-08-06,-21.420394573833,28.165597964979565,5.433265506051319,27.423857841253643
2001-08-07,-22.250512280571183,27.75295935468353,5.283920134936599,27.35567197496014
2001-08-08,-22.465081532124707,26.298453982515866,7.20120038782463,28.733540814879113
2001-08-09,-24.45052058939998,27.10317238177115,5.814119004475765,28.720998169920474
2001-08-10,-24.00428982347777,26.20390108657679,6.359499050914752,29.301352506390376
2001-08-11,-21.609856587814175,26.264761551258026,4.724892729804134,31.02510566726426
2001-08-12,-22.019077385347416,27.52169324049073,6.5603799656439525,31.448078423777805
2001-08-13,-21.752561163391952,26.378919198582278,6.5104123828749945,30.850715229510868
2001-08-14,-22.228677728278914,25.804862773733394,4.221186936214025,30.60710723078076
2001-08-15,-22.464939098815464,25.193770903281706,4.015253398698248,29.931073212701776
2001-08-16,-23.591279529758047,24.53509586111783,4.738615624898616,29.61691508860025
2001-08-17,-23.879632321461557,25.625692098301506,3.618756423400669,30.590604739331223
2001-08-18,-23.707258388545164,26.241425139890964,5.03231429438136,31.78595526902843
2001-08-19,-23.6525898919782,26.322044869453443,6.700948076396633,30.571459911134408
2001-08-20,-23.875943940523314,25.958375976870983,6.305708100759121,30.43017610839008
2001-08-21,-23.449498706119336,27.241204639284543,7.0127699000842405,30.197303801723685
2001-08-22,-23.861905883939368,27.6000080990397,6.423176618437517,30.47785275209618
2001-08-23,-25.493490944892645,27.947053405514303,7.832816035157604,30.76929532219952
2001-08-24,-24.375630794260474,27.206470137246402,7.279643638590319,28.58804259865473
2001-08-25,-24.364861593273417,27.132378168065568,7.575245008347462,28.098125830972336
2001-08-26,-23.267145942857447,26.737948562877833,8.021941854591974,27.22861590231462
2001-08-27,-24.728311954692284,26.82113290969862,8.862212316057963,26.802543388097515
2001-08-28,-24.67086591357439,28.09844203508601,7.25168850288057,28.52369309223763
2001-08-29,-25.948721314654573,26.1364622106344,4.833263884747831,28.327307555443383
2001-08-30,-24.73690992979532,24.732235839258543,3.4645603775816483,28.19923898844642
2001-08-31,-26.08979094517138,25.462210702328697,3.3845949377391573,28.671574201615243
2001-09-01,-24.877761967335196,24.36054642284215,4.922041362939964,28.684754965233296
2001-09-02,-23.801082504959975,24.845347916700874,3.6039515287341013,28.734934362172282
2001-09-03,-23.873606273778414,24.49555738884026,3.3335833063668723,28.98684923531298
2001-09-04,-25.511173727687655,23.892129719875886,2.416222938604863,28.69519550494464
2001-09-05,-26.833873133997205,24.48743937147563,1.5251705939003606,29.71005244917992
2001-09-06,-26.48652761213954,23.97064965198703,1.64127646783941,30.963306762100874
2001-09-07,-28.154042227204997,23.37358712035578,1.7105790951895428,33.05446764623229
2001-09-08,-28.784467986842476,24.058184007156797,1.7038579403818486,33.53694534109614
2001-09-09,-28.569022716786403,23.808006330867492,2.305888749374966,32.248244749761554
2001-09-10,-29.094012664656784,24.46951695917315,0.4884518193658367,30.239684980603222
2001-09-11,-29.005864192401788,24.607795054143033,1.5472556935120585,30.249042320170005
2001-09-12,-29.55427578825168,25.07502231503064,0.637782747864794,29.69882309953149
2001-09-13,-30.102105855222906,24.8070999041485,-0.3378432610723442,30.17990526458693
2001-09-14,-31.328533924051868,25.563721471851732,0.6568296983927516,29.737843400769407
2001-09-15,-30.16195731444158,24.935843047848717,2.078022076478442,31.56557239845881
2001-09-16,-31.69857873956196,24.588511883910673,2.383460128425972,30.172851050527978
2001-09-17,-30.001035215951568,23.556010267566318,2.4868673687446483,30.974158367859435
2001-09-18,-28.75419409576238,23.58650644599338,3.5315153917907867,32.07421497173013
2001-09-19,-28.6381381672076,23.66696592589245,3.8184376271516,32.81753570813573
2001-09-20,-27.55974303069376,24.195080898271158,3.0472207196996504,32.72361745898341
2001-09-21,-28.173045436546765,23.951369978663116,1.8145496486863801,34.81234954333373
2001-09-22,-28.655136129820907,23.164673323659777,3.43309310656535,35.41527498972907
2001-09-23,-28.76490570463119,21.38866603223479,3.528448773150334,36.01083410649287
2001-09-24,-28.794957721670634,21.538431390774992,2.836305633758822,36.06223152603384
2001-09-25,-28.383524356265692,20.701513102877303,2.541287490066024,35.232915986198954
2001-09-26,-26.359587251232792,19.23272906184534,1.8537971891198026,36.52764762898379
2001-09-27,-25.131557221142447,17.742099299729457,2.558221935992887,35.82408686757967
2001-09-28,-25.485942625547494,17.488399052884454,1.7793160147769032,36.8301284469725
2001-09-29,-25.244396024572605,17.91640040352993,0.3709634381258624,37.53969192783984
2001-09-30,-25.55612625737403,18.80812391735243,0.04139398450238446,36.220136592750976
2001-10-01,-24.588598183175574,18.05914647364738,-1.6106887075937513,34.92838528304083
2001-10-02,-24.326144924760193,18.5597474843339,-1.0740586040807627,34.12124899225001
2001-10-03,-22.458193990992374,17.290506860399972,0.11506276013719674,35.12681708304672
2001-10-04,-20.423293101860942,19.043496717374104,1.0332433402907384,35.28264598910661
2001-10-05,-19.78641097936191,19.679299188814564,-0.02803860998855101,34.80822381432062
2001-10-06,-20.410157171185457,17.981467196376723,-0.014508509173842684,33.92111271864949
2001-10-07,-18.251326716080634,17.37118938357157,0.2867183029737318,34.98266997952266
2001-10-08,-19.71484918397901,16.44418341381204,-2.029603317803433,36.97225464895328
2001-10-09,-20.189872903570414,17.011810766098534,-1.1415603019175409,38.84165511060541
2001-10-10,-19.692337958343963,17.6468477208077,1.2788159832781214,38.2775165713896
2001-10-11,-20.729251521300625,18.807401647610234,1.5701243592994678,38.75352024152425
2001-10-12,-22.80294278767889,19.46458965352024,1.9352742948576578,37.27313147690555
2001-10-13,-21.783748831188113,20.644864820990037,1.4753263117589452,37.08278016810596
2001-10-14,-19.911650678141932,21.525160737202487,3.776888665862055,36.55726985784631
2001-10-15,-21.272694642707695,22.41316765317631,2.5760926352396067,36.852151693320046
2001-10-16,-20.588462863854904,22.323240925719844,3.6849961462723573,35.782883891145524
2001-10-17,-20.807785375983464,21.494087415138733,3.955654363429075,35.585038901855604
2001-10-18,-21.855386438865658,20.758623337744705,4.829390462009528,34.64723967753593
2001-10-19,-21.848273183384105,21.760800630813502,5.1188225328138195,35.49847918838402
2001-10-20,-22.19109285308108,22.025458182437713,3.2180876490569235,35.716752799261705
2001-10-21,-22.391144089286865,21.295903880093327,1.9572499791991507,36.51673414504651
2001-10-22,-21.25916241540111,22.80585785047211,0.551773317560357,36.96382723562844
2001-10-23,-20.284101331935947,23.493190643895403,-0.19938027056343988,37.37638346075269
2001-10-24,-20.097812703343617,24.09695390096815,-0.6431404255058127,35.43070173061348
2001-10-25,-21.182214276837357,23.441939883913175,-0.6736822712763686,36.59491353811788
2001-10-26,-20.465151144764647,22.958013991653075,0.43737963899644083,36.80597180328104
2001-10-27,-21.07867914410943,22.599089591161587,0.48539040294878133,35.617691439449416
2001-10-28,-21.878574387672174,21.58167164452149,0.7087198104990053,35.528058521340895
2001-10-29,-21.25297115238312,21.931713915249187,0.04047174432181044,34.36616362860231
2001-10-30,-20.985696853611387,21.279837320621848,0.2728517954137095,36.53725060036148
2001-10-31,-20.009377871076477,21.477261098267324,-0.8233494932906633,36.67536943191918
2001-11-01,-20.821667284776776,20.023745449982375,1.3580959998176145,36.69373636720569
2001-11-02,-20.824704831970042,20.21042694856727,1.5531885256653077,36.65798726821867
2001-11-03,-21.92489360919404,20.055893014112804,1.4672383020510442,35.43673322919905
2001-11-04,-22.997444190761943,18.688351264324137,1.313845469779605,35.041447242178215
2001-11-05,-23.313047423123976,18.719691867772877,-0.09304479293354406,34.52073673323383
2001-11-06,-21.404625483666166,20.577574678223723,-0.19820416668692414,34.426651979168405
2001-11-07,-21.29043040314512,19.523785589932036,0.18326025955015507,34.06649722207125
2001-11-08,-21.173053078760613,21.24970930610378,-0.7544391816169023,34.064992253841716
2001-11-09,-21.280490682509832,19.97031547831509,-3.40632429949686,34.178580441041106
2001-11-10,-20.265021182969846,19.9929791678993,-4.165190779099201,33.75001047349864
2001-11-11,-19.03361891401967,20.367381826553963,-4.679719101968491,31.663874261769557
2001-11-12,-16.953021281730898,18.055960386541667,-6.251124824596757,31.445669188338066
2001-11-13,-17.60517467843666,18.40943430079273,-5.4230883092298505,32.080010973667356
2001-11-14,-17.96210392440854,19.107178950427073,-5.8039872057049715,32.55360993904927
2001-11-15,-17.413236041416617,20.00698405869704,-7.1905294297375555,31.670531304237077
2001-11-16,-17.969672118519863,19.324980025546513,-6.887380688623697,31.300530797244797
2001-11-17,-19.265523557490177,19.4472539488209,-7.136606874722197,32.36990415771449
2001-11-18,-19.763913759767338,20.90556805341912,-6.817559483360042,31.943258749775957
2001-11-19,-18.947322910833993,21.364392525058935,-6.717298416775195,32.40764653495843
2001-11-20,-20.21672516280256,23.12726958184893,-6.751494034012614,34.730658904041796
2001-11-21,-20.46714909387898,22.340205886371713,-5.983883684240193,33.579588744566934
2001-11-22,-20.21938637602274,21.524350598248283,-5.170579180870112,33.307861072506505
2001-11-23,-21.18614499836695,22.737376829971193,-6.204515501035521,32.771295694435395
2001-11-24,-22.15066081220965,22.7708056792025,-4.854320167370416,32.693622613829916
2001-11-25,-22.01034989926091,23.517129250704706,-2.38250509619936,32.1278808399177
2001-11-26,-20.90552869870147,23.72780684345729,-3.198785593334206,31.204675395544243
2001-11-27,-21.484981844186834,22.95524543134062,-3.5292989012310914,30.992454065713105
2001-11-28,-21.544557197236593,23.09045162637251,-5.5691052153387925,31.545216936552396
2001-11-29,-22.688401621508095,24.08010290070616,-5.914190186483711,30.766830945376352
2001-11-30,-22.385017633368673,22.948507883203494,-4.253527848945914,30.892338574533944
2001-12-01,-21.863558681345534,23.63498246578731,-3.858918779379676,29.44270824060225
2001-12-02,-23.102402682711826,22.90997366261392,-5.144825396240901,27.416285238095018
2001-12-03,-23.729422795661694,22.53290631857753,-4.655602155483407,27.132202653694687
2001-12-04,-24.663009989938168,24.047481432312342,-3.8482914141046685,27.618673511261044
2001-12-05,-24.640618689848793,22.153293012539372,-4.339990786454624,28.23068858073102
2001-12-06,-23.492922436197468,22.776080595419792,-4.892534475837665,29.64034897347625
2001-12-07,-23.309512454768136,23.650637767750705,-4.68155071144042,29.238340453471537
2001-12-08,-24.72598039438443,23.05462319855091,-4.477571848729223,28.742540787433857
2001-12-09,-25.355228364246898,23.456140795833765,-3.939749534482004,28.89543226037114
2001-12-10,-25.119775756006774,24.360861129280295,-4.688433816289774,31.9014893918569
2001-12-11,-25.770764707809878,24.836404784951963,-5.780498087271505,32.20453072270036
2001-12-12,-25.681749854433672,24.948095171055908,-6.624120550423992,32.744343512504166
2001-12-13,-25.420359198468475,24.31763097705625,-7.745279141115097,31.697927881394325
2001-12-14,-24.337681410365132,24.461163409444755,-6.955224177772054,32.09742744099776
2001-12-15,-24.809284793833807,24.06040836567248,-7.0897128205589315,31.09762792486947
2001-12-16,-25.50018938210072,23.33396169059069,-8.22796050392855,33.00961888403784
2001-12-17,-26.487995188145977,22.353642776543868,-7.0567354961737205,32.26898833946928
2001-12-18,-25.204835834016176,23.425694631710247,-7.787568224451226,31.168899443336297
2001-12-19,-23.775750147874216,22.385789112234562,-6.752661209269787,30.48715284526915
2001-12-20,-21.877195294515214,21.179641574747286,-5.719932484030476,31.540543231468902
2001-12-21,-21.51340009826033,20.898364359672314,-5.182859283731478,30.44573242412907
2001-12-22,-21.16532058098372,20.603250476302502,-3.3212429386827935,30.196821917498912
2001-12-23,-20.040224242417345,21.140722357529445,-3.015561147909029,30.18496921801182
2001-12-24,-19.885919880336036,18.79255438712508,-4.4557253050916765,30.16559064264057
2001-12-25,-20.010966330511444,18.027186389455387,-4.356661422958246,30.35577070282804
2001-12-26,-20.143162091598555,19.030627806431546,-5.581608301404875,30.742693395249532
2001-12-27,-20.044511366663613,19.915582601364758,-4.997438766576309,29.106282904847372
2001-12-28,-20.113866549488268,18.99026332826448,-4.760608192230375,28.120091715641514
2001-12-29,-18.496109437682524,18.98084056392727,-6.671878020986004,27.702822532685442
2001-12-30,-17.87861643731636,17.778198005390585,-7.898758104996773,30.02797809064462
2001-12-31,-17.360760872748184,16.19277387124277,-7.695198945072002,30.4296010254463
2002-01-01,-17.64943558515506,15.948925376115561,-9.424005237838637,30.809017953423083
2002-01-02,-18.557563584243038,16.60634233519194,-10.35392906755899,31.17584938489577
2002-01-03,-19.351163068310967,17.643222537736268,-8.182575291823932,30.641264171612544
2002-01-04,-20.148761009762374,18.708057138752416,-7.875290633465019,29.78872639198022
2002-01-05,-20.07329165293836,20.55361644368365,-8.557424216983401,30.63456398883686
2002-01-06,-21.005239015603447,20.897233628094973,-8.705802957992127,28.881757472058332
2002-01-07,-19.091305103029267,21.701773788004058,-8.76820804409263,27.39995719488391
2002-01-08,-20.238358508468426,20.520264128629847,-8.938129867735368,28.70743568362239
2002-01-09,-20.359261789738245,20.97081098758063,-10.056174767249553,28.086841040092974
2002-01-10,-19.573623767750203,21.79779698350492,-11.94246184299644,28.793090596330227
2002-01-11,-19.93431342874632,23.893618190757536,-12.026181452225162,29.538159790621346
2002-01-12,-18.46526090538959,24.80365399379997,-10.951895675900493,29.679554304172147
2002-01-13,-18.532348883241994,25.80446876063122,-10.123636108706087,29.207369066469823
2002-01-14,-17.845698629281152,26.862658216955005,-11.407600508912669,28.165555375272568
2002-01-15,-18.615978712903264,26.556572519907697,-11.764730668750145,27.34839541002051
2002-01-16,-18.005570417142046,26.37059682506452,-10.93749481752386,28.70704827014081
2002-01-17,-17.692669116273564,27.029591838887043,-11.571369123516238,28.0688176144677
2002-01-18,-17.1583613318187,26.25727484314097,-10.616107261696852,28.65781228701391
2002-01-19,-17.580186183955426,25.61223759840032,-9.19409510925783,28.654474924369666
2002-01-20,-18.42817764066158,27.16371203031653,-8.512456223446362,27.221202457279343
2002-01-21,-18.913315845836237,27.883513742122588,-8.688883507572049,27.368272053427514
2002-01-22,-16.840614395597157,27.036297108226975,-8.096238502866015,26.057038031621268
2002-01-23,-17.29554048291358,27.99983265560341,-7.936495470096464,28.393428013446325
2002-01-24,-16.529965386354764,27.585952336283892,-7.250475439002106,28.854798274793847
2002-01-25,-13.988476088435139,28.957798489716453,-7.813152976513027,30.092216814164484
2002-01-26,-13.482916369986869,29.196454320697196,-6.992411952131449,30.521644722643906
2002-01-27,-14.589126651592736,27.7822233919834,-7.268339596668673,29.386638714016538
2002-01-28,-14.477806293349332,28.510529437137695,-7.175064424921353,29.32525005058115
2002-01-29,-12.968984701585368,28.97068157903014,-7.9643465282250965,30.43701345373
2002-01-30,-12.567111683552532,29.268691473490378,-6.816535779432671,28.48313959549196
2002-01-31,-14.022920925793127,28.480908120525303,-5.759697672794805,28.629931519214704
2002-02-01,-12.49364131060114,28.42520135423146,-5.01350020018644,28.388026855183032
2002-02-02,-11.680535834908275,28.663544104777422,-5.141108592686411,30.337400177146687
2002-02-03,-10.48296074699936,27.665169123612174,-4.305795555205487,31.67628085676727
2002-02-04,-10.616248848961753,27.530964719113957,-4.508448731559825,31.377997522432118
2002-02-05,-10.87032663292802,29.194883979686587,-4.878848620330562,30.705061041879997
2002-02-06,-11.115017420767064,30.045556404911515,-5.111046403289594,30.834027724413406
2002-02-07,-10.15976468352537,30.74366605391616,-4.1019016949198255,31.495165638476042
2002-02-08,-8.92992832003626,30.535043751283258,-4.119235461500444,31.390871000754704
2002-02-09,-6.599127320015439,29.84508025705329,-4.311743894598323,31.044090219447536
2002-02-10,-5.6335722187373065,29.774797993205702,-3.497731357508453,30.298439989203878
2002-02-11,-6.913117887720734,29.35910649197893,-3.6810832756237626,29.914161624351372
2002-02-12,-6.832010720947805,29.064801506553632,-4.132188400288498,30.417020912920332
2002-02-13,-5.348427208441772,28.58798446242726,-5.157239183208226,29.831687925457317
2002-02-14,-6.432187228843924,28.636721258817666,-4.116091691338754,30.352986201514486
2002-02-15,-6.935595875397876,28.675457469979417,-3.4073229435855588,31.352822349319972
2002-02-16,-8.086281121783317,28.717272043074022,-3.820160069638466,30.9670373374838
2002-02-17,-8.30761458072427,29.847213182412776,-3.0737712096531316,32.13178550013702
2002-02-18,-8.00789436923444,30.11536564489031,-1.712229395381506,32.55487818439214
2002-02-19,-8.038165550498396,28.54355259957505,-3.1813529695095895,32.65084470935017
2002-02-20,-6.896408712033853,28.497526277253037,-4.097189174986598,31.748956762667998
2002-02-21,-6.692650752230699,30.178153764498393,-4.053242348044808,30.560808747028563
2002-02-22,-7.684717433719559,31.285564038681233,-3.860099633770163,30.46171431874495
2002-02-23,-6.464841870732587,31.51279388616537,-2.282417163379225,29.336336796095388
2002-02-24,-5.326267661692771,30.595060431691397,-2.774254876429462,29.013105679397516
2002-02-25,-7.337565798973454,32.84265664430826,-2.4309437580646622,28.281376475886688
2002-02-26,-6.580827298227878,33.775876216883944,-1.3545885922918726,26.349116060405986
2002-02-27,-6.332149080621403,32.267208120971034,-0.76309390302062,24.55944992761448
2002-02-28,-8.394371586328704,32.79465187858624,-0.828427769729702,24.798051894418723
2002-03-01,-8.9492069997301,33.294065735530005,-0.36226906342193393,25.68288881779839
2002-03-02,-10.133406224220014,34.95234454963775,-0.3710644183994266,24.38590505803125
2002-03-03,-9.64696987381993,33.9745434822646,-1.9215212826769275,22.965633531529342
2002-03-04,-11.06010801424494,35.18630251227135,-2.9165128896946584,22.063572698496372
2002-03-05,-12.123506662970128,34.357175667603656,-2.366419097621037,22.879391417124275
2002-03-06,-15.226256810147902,35.42227672997985,-1.108031810237494,23.461736132916073
2002-03-07,-15.7391202821458,35.376771430309965,-2.7691976672519196,22.866618762606763
2002-03-08,-15.230221084112543,37.54541417797998,-1.8696562297449901,22.405452414234464
2002-03-09,-17.655504706397238,36.64487118124285,-1.1211056120464926,21.908392243224217
2002-03-10,-19.630626421335958,35.01291200563377,-0.4562791062649284,22.100024903561547
2002-03-11,-19.86488222106435,35.82309583638869,-1.8620017467752734,20.427998903414576
2002-03-12,-19.158191394213304,35.290204082389124,-1.972487327279786,21.542524066429852
2002-03-13,-19.84811764680714,35.758425378551514,0.024122527911151437,21.738869130233986
2002-03-14,-19.737522354479058,35.76985315951141,-2.9649089314776655,20.303077713148532
2002-03-15,-18.710349733488957,35.27260303226854,-2.0516005870527865,20.15058627645251
2002-03-16,-18.46454954459707,36.27142983290667,-0.3122422874833948,19.35191928280632
2002-03-17,-16.787671163720216,37.53938074319084,-1.5978686273483804,20.709743383317267
2002-03-18,-15.664752079197527,38.14011837016095,-2.6802906341667945,21.26786746489017
2002-03-19,-13.045431178337758,38.56452441606611,-1.2924054485162937,23.303408657031667
2002-03-20,-13.911805558794434,39.0193779027753,-3.209655716711756,24.71233484034206
2002-03-21,-14.399999573987131,37.424689435801874,-4.830136627597466,24.19168808915026
2002-03-22,-15.002706717837134,36.39748359460173,-4.628044882671037,25.928805471115457
2002-03-23,-16.35647442293736,37.027775217106615,-5.814545432616288,25.054294858479793
2002-03-24,-17.347425634827903,37.12034123886598,-4.441076815239532,23.15964292073712
2002-03-25,-18.048539021632013,36.85990281898538,-4.478598874721578,23.524061371526415
2002-03-26,-18.15313931593923,36.926419772035906,-4.533028156400793,24.932996802484517
2002-03-27,-18.882003887675456,37.36971518074347,-3.683669750098587,25.101846518709724
2002-03-28,-18.493865015686616,35.72282231970398,-2.8059894697891234,25.63671430929253
2002-03-29,-18.185468097798147,35.638132937084706,-3.816162297216736,26.548657525642007
2002-03-30,-18.066311068665605,34.619279995664044,-2.9748533745675254,26.521781918551753
2002-03-31,-18.76548022935682,33.86275975070483,-5.17774231044112,25.122039247405638
2002-04-01,-17.98335602170344,34.50338898476055,-4.6144648033446725,23.92863270300993
2002-04-02,-18.313392995058024,35.05009147851232,-4.40282989930955,24.428612570554076
2002-04-03,-20.34582657590983,34.62192441055843,-4.7248560833126625,22.538102650505525
2002-04-04,-20.81082405244359,34.54217655657621,-3.287406164760089,23.685183184267146
2002-04-05,-21.363762016016352,36.12799521925641,-3.2360249643519983,23.05017339039043
2002-04-06,-24.587488793732902,34.99038749896959,-3.750444955781594,23.380740443768648
2002-04-07,-23.0068252489225,37.970487489122775,-3.820243974794913,21.741210285490638
2002-04-08,-20.859223208467657,37.77585829141406,-1.5056931025101075,22.54422919423347
2002-04-09,-20.131172522347555,37.050441582070356,-1.463551134579639,23.54547241369061
2002-04-10,-19.24213731143648,35.46265036033583,-1.2110650554727762,25.55688612708686
2002-04-11,-19.233028127903605,36.57818588308209,-1.6131071440107096,25.627961265610022
2002-04-12,-19.495112744063515,35.87270616492331,-2.0990897882211774,25.207877882679046
2002-04-13,-20.75889718805293,36.52712362794715,-1.689508321472871,27.01078789974476
2002-04-14,-18.721461018678802,35.432916903993394,-1.833269697595801,25.422823209748472
2002-04-15,-17.652776442154693,34.35855821859714,-0.7919341669503226,24.25503472381804
2002-04-16,-18.168629833748113,32.78999788071943,-0.4106265326322188,23.644035143246498
2002-04-17,-17.6642968036645,32.092218139754415,-1.1570532531309592,22.561445348815866
2002-04-18,-17.590480432865387,32.14136990946292,-1.2448228246794821,22.79873217535172
2002-04-19,-18.121213064104673,30.99272207170999,-0.9691654991145606,21.768359829802634
2002-04-20,-17.19854263230752,30.935341019902616,-0.903357583091386,21.351008155254068
2002-04-21,-17.310889231032323,31.38680878836562,-1.6510197949238488,21.10316235001872
2002-04-22,-16.145539518076454,29.460712825180515,-2.1998492896848796,23.3936675825413
2002-04-23,-16.821039039784626,30.78140030687991,-0.9308349478684055,22.587932771850532
2002-04-24,-16.184020974795796,30.195636698606833,-1.251543389958686,22.48259728658631
2002-04-25,-15.687630427240384,31.50330971507223,-0.10075281482089049,22.054312387822282
2002-04-26,-15.493222729498049,30.404026194799908,1.5471852373770425,19.937838476794116
2002-04-27,-14.065902234526986,30.706132991741875,1.6529203404948007,19.65969128447028
2002-04-28,-14.266967139860038,29.43208236458406,1.6054639328806921,19.823421911206676
2002-04-29,-15.342007803143492,28.87937065216377,2.2027489301050793,20.599626336829207
2002-04-30,-14.769575644774555,28.64761831568026,3.9145711305409074,19.839394732851215
2002-05-01,-13.80872533738829,29.948477436915482,2.4649635599352053,18.43502036391515
2002-05-02,-14.481282252488576,30.836780079508276,2.2294787779551175,19.079131933591455
2002-05-03,-14.712244483525975,32.09216735544953,2.6908701628758287,18.98141674986441
2002-05-04,-15.16962443781615,31.41335219121602,2.7473601081434684,19.148692440753916
2002-05-05,-13.5450536797964,29.73787776186271,3.11080666733158,18.25664941674716
2002-05-06,-15.468164376652776,31.118657531615906,1.2333164813294804,18.793778933250643
2002-05-07,-15.694165982263446,29.772459781813552,1.562501583596807,18.392338885803454
2002-05-08,-15.030564046882308,29.896949195096116,1.8965636354177422,18.30188741905483
2002-05-09,-14.793589510678279,29.69870503745384,0.9633521331474937,18.185248660745167
2002-05-10,-13.560484664258512,29.775511505425893,0.546063908230308,17.787055454975427
2002-05-11,-13.802369050531208,30.433206939693846,1.19589510932583,16.978755539263584
2002-05-12,-15.98022857884255,30.309273215809085,2.627067309108576,17.76114364935682
2002-05-13,-15.762215061116073,30.195962333246843,3.846498139568969,16.600187471639327
2002-05-14,-16.73767629994625,29.393707101564736,3.645136363444606,17.157652141566757
2002-05-15,-15.67636794878499,30.61796679551214,2.3058114733939314,14.913331374341523
2002-05-16,-15.204312295372244,29.05359446247032,3.251939415358799,16.030834800213864
2002-05-17,-15.768267519692273,29.487401914387878,2.503249692067464,16.81552226828765
2002-05-18,-15.813359667622152,29.966116266720025,4.318018571555557,17.460183700014255
2002-05-19,-14.354860221821736,30.499601380810088,4.8104590555981375,18.371032405920396
2002-05-20,-14.131528025638803,30.712712847669035,5.7964885810696805,18.696439843679
2002-05-21,-14.69830834145407,29.709452878411298,5.189313550513081,19.047454820297432
2002-05-22,-14.42336115231527,30.481596537329665,3.8618306930231094,18.654669762899857
2002-05-23,-13.780564444320595,30.95214411307622,2.4434367175967977,20.234680772887863
2002-05-24,-13.76730710967116,31.973573945800197,1.5575371203395354,19.820110881231685
2002-05-25,-14.281495343551853,32.076703430369996,2.0168571377232887,19.580706914036494
2002-05-26,-13.674201298676607,32.267328009747466,3.0996771200312496,17.859143476573752
2002-05-27,-13.270555722951245,32.77137755639856,3.9086619176567545,17.832037583978583
2002-05-28,-12.298597794221674,33.89994452253707,6.243475671658917,17.08718142682676
2002-05-29,-14.090875902681978,33.92321937110951,7.139899148822182,16.937651474757498
2002-05-30,-14.124300096156059,33.076169634451915,5.91263806431373,16.58909637544258
2002-05-31,-14.812137614914546,35.03869749314438,4.415051165794194,16.66578733822576
2002-06-01,-12.369686072552593,34.43151417462981,3.5505755038452818,17.76421250409303
2002-06-02,-11.567918754764028,34.22061149231916,3.478536484586748,20.42292519139846
2002-06-03,-10.935611782310897,35.2831961024068,3.427345601024827,19.918296332430916
2002-06-04,-10.311114803435489,35.844533395847826,3.4569386665948327,20.490898928699647
2002-06-05,-10.226333778834645,35.63620940440101,3.670870274716404,20.02969679141175
2002-06-06,-10.43583937408719,37.09782723559201,3.9478471787465277,20.890685047637692
2002-06-07,-11.299171951446946,36.67457808170006,4.144825474906128,20.27845420557342
2002-06-08,-10.027670558416718,36.44230035933773,2.420161484891742,18.049292822766517
2002-06-09,-10.404176198760531,34.66497662443416,0.2709363221098533,18.262830590272486
2002-06-10,-12.196082300392899,34.07298259807929,-1.0681116167994138,18.906693359393675
2002-06-11,-10.566553470943392,35.46821752978624,-0.9220134196928765,18.945769046854124
2002-06-12,-10.758605560330302,36.656475610592814,-1.3884902395931014,19.995412084962965
2002-06-13,-11.05380007784376,37.02327013003739,0.06146984700220015,20.80835547526748
2002-06-14,-11.129034459716447,36.27386442104679,-1.099602155429381,22.503939137567915
2002-06-15,-10.397047983493374,37.43520928884626,-1.004311717369361,22.194917542239036
2002-06-16,-12.13385369559391,35.22352491797251,-1.1732699275353864,20.88289107510629
2002-06-17,-13.478663569970353,33.62279229983029,-2.5532581209062024,20.235762266759576
2002-06-18,-12.563540251802728,33.198502222523,-3.4651216672789182,18.039478127653325
2002-06-19,-12.643023753954202,33.79531284044409,-1.700302082350633,18.476376713104244
2002-06-20,-12.91579462080049,34.32760841040323,-1.3593266830605966,17.603337840386633
2002-06-21,-14.014802807563765,34.23826339702779,-1.4016026762118774,17.207589315376925
2002-06-22,-12.04664457803709,33.44132502793658,-1.3006048345261467,16.72582582564881
2002-06-23,-11.742682165570226,31.84685474193035,0.925964516632269,15.880720134030845
2002-06-24,-10.833843550657113,31.89922634675312,1.2986208684518281,14.595073629338524
2002-06-25,-9.94633632973211,32.96927389767427,2.180843935033855,13.238676603405855
2002-06-26,-11.021022795016247,31.980217174125322,1.5845336383725979,13.928467645982323
2002-06-27,-9.27522004456207,30.263147243376842,0.41989444573049717,14.090115223017978
2002-06-28,-8.357150628760852,29.755891041964247,0.24436690172530806,14.831119262549223
2002-06-29,-6.538332959408759,30.03317769708964,-1.8932123738709294,16.78378671655753
2002-06-30,-6.733884484245511,28.038889510361972,-2.436394831676905,15.583581901384774
2002-07-01,-6.431180431264133,27.06631624969994,-1.4937074994096702,15.400442046274994
2002-07-02,-6.399750513641843,25.23801247954428,-2.425022121619188,15.386194083013443
2002-07-03,-7.369950624617999,25.37808715527698,-2.4750531289662034,15.735575625319262
2002-07-04,-6.808557396456307,25.77265862153133,0.19055111951702886,16.342915223598354
2002-07-05,-7.271936461384421,25.28030234222294,-1.6071847542257978,15.164522897038646
2002-07-06,-6.8227216457506366,28.238664573894965,-1.9581799483520999,13.305350467579672
2002-07-07,-6.066067002228301,26.921769734799177,-2.282008969026571,13.911036686676375
2002-07-08,-7.422241494517921,25.849573000513917,-1.1493679744276228,13.71061293067087
2002-07-09,-8.457105991525067,25.791463634100655,-1.558162965974974,12.252756869721823
2002-07-10,-8.394271086311424,26.750817500290065,-0.9809106012198369,12.980727196418309
2002-07-11,-7.243576289916181,26.0018875866267,0.29129269882344266,13.103672167639063
2002-07-12,-6.322643927497038,24.73179097344718,0.4418892973098415,12.67196669058304
2002-07-13,-4.450524251553874,26.037273796643284,-0.5603697330638079,12.385590278301168
2002-07-14,-5.272636111036203,24.836865715213897,-0.6848820831367352,12.537216555634647
2002-07-15,-5.836207618079619,24.027097286594177,-0.8306389776701191,13.251160436350466
2002-07-16,-6.663317270568724,25.00682067564437,1.7159410659764345,14.644509546605963
2002-07-17,-6.6530787711301915,25.937362993020123,0.6060516940494793,14.390259301155298
2002-07-18,-6.164997975957057,27.68007516146565,0.9538077322416867,13.430716608346245
2002-07-19,-5.061155734132744,27.830751058172577,1.2389408755594935,15.644281065833859
2002-07-20,-5.6780526720121465,29.434145351525405,2.9902370040408948,15.7683917885403
2002-07-21,-4.847344994375769,30.223729579566353,2.9759788328155596,16.728008808565036
2002-07-22,-3.1151048411158593,29.162876558871922,1.9015616510480593,17.588282221707818
2002-07-23,-3.827600534182485,29.53323044594019,0.8282576401346313,17.381234361544088
2002-07-24,-4.9123929302303555,30.043008680162334,0.36084489462075287,18.100311124427662
2002-07-25,-3.8678253729142145,28.52572114564013,0.29830863024090715,18.22900276965067
2002-07-26,-3.957133495928018,29.923764643731833,0.30500988870488416,18.373554064157958
2002-07-27,-5.640932626592087,30.420862363266163,0.8117450096932604,18.919693399226208
2002-07-28,-6.67501538080856,31.17256422892857,0.7018283297109915,17.95648437469937
2002-07-29,-6.264790530880185,32.996824713919175,0.6566926319780791,18.267953654278315
2002-07-30,-6.1886310621779606,35.666353276251634,-0.6036589455750355,18.92104696399377
2002-07-31,-6.044326642697605,37.04439187738905,-0.353364952602377,20.758271749033117
2002-08-01,-4.997554136782179,36.61228994707234,0.2288089927995467,20.746656042998193
2002-08-02,-5.200776084667951,36.27205090835281,-0.16850992249933483,19.416142684468124
2002-08-03,-3.547963726694059,36.37584652535438,-0.7239620150021232,20.407366508211904
2002-08-04,-3.2586815340526374,38.49463638604567,-2.9659885011995377,20.269673341189087
2002-08-05,-3.9155740388288436,38.58513575311675,-2.5133654301896704,21.518845849482364
2002-08-06,-2.0719297724189616,38.52276617690418,-0.715842070424699,22.32918399576548
2002-08-07,-0.9085374313568413,38.49954737284042,-1.0273951727378452,21.554946942231062
2002-08-08,-0.329047476490689,38.35963424877888,-3.3838013239772917,22.029211315266263
2002-08-09,0.09727941183084782,39.01028754315973,-2.3552193037464537,21.817945093407495
2002-08-10,-2.1823124469254043,38.42289827588696,-1.487651321417941,21.64719834526397
2002-08-11,-0.8900863219838391,37.9656246632785,-0.8889083238137432,22.10285120570555
2002-08-12,-2.05867480230034,37.8561672833939,-0.3857560128632713,22.44356716875917
2002-08-13,-3.8477779453200833,37.13397066654921,-3.018017407736104,22.702459866317596
2002-08-14,-1.6011881462104385,38.0236784855378,-2.969129222119867,22.45442263076936
2002-08-15,-0.6754061443262671,37.32623971503756,-2.7034038326766194,21.579255765621166
2002-08-16,-1.9942406422550207,38.62463605652333,-3.1679128918140895,22.154111863708433
2002-08-17,-2.047428051414249,37.44878745247147,-1.659294995490927,21.419872936580262
2002-08-18,-4.1180305204339565,35.73488031774149,-2.1127983510798867,22.79401152176394
2002-08-19,-3.2530213119887113,35.666803438084735,-2.2682908708547993,23.10978505166937
2002-08-20,-4.070863405789144,37.674426997732304,-2.9639271124989572,24.3765897849287
2002-08-21,-5.35414606434425,38.166449514339725,-1.38047084478157,25.793169219905604
2002-08-22,-5.391836375116713,37.63325804874077,-2.644203207226851,26.626697557215717
2002-08-23,-4.819198384231695,37.409485587513,-1.562577181468853,27.027927354349742
2002-08-24,-5.022888278783065,36.18199455686864,-1.7586767865195405,27.26527205272776
2002-08-25,-4.800872517591923,35.31127442985692,-0.5334514515973978,25.029820865583474
2002-08-26,-3.7497674875222384,35.45719927628726,0.8901979205418336,24.25326148595441
2002-08-27,-3.1113427791928756,36.04781149095399,2.0875030080322885,24.771970103730958
2002-08-28,-3.034542944130408,36.59965762480946,2.016039527408595,22.938935001703946
2002-08-29,-3.410718319421122,37.66128714498969,1.601089068658907,21.411866604119464
2002-08-30,-5.1587158280150955,38.647731406663965,1.6086015082780334,20.879087796114
2002-08-31,-5.605273282792677,37.55389523092702,1.3494338377012896,20.50655038912442
2002-09-01,-6.0971762768152455,37.196981201997,0.591306375136724,19.936488614407757
2002-09-02,-7.022054043557336,38.34176742074132,2.281911392386445,19.343798923504252
2002-09-03,-6.240696536773887,38.5102991426114,1.2329441494639632,19.09305646315925
2002-09-04,-6.559498983475346,38.81090563141991,-0.24587621436137597,19.22043690782097
2002-09-05,-6.616700966177785,40.12037707999544,-0.4267414235372563,19.180188923419
2002-09-06,-5.557038318605769,39.81270368409747,-0.6008561402912651,20.487987577696934
2002-09-07,-6.017544104612053,38.654979839858726,-0.15455872759559736,20.215160334854883
2002-09-08,-7.180536345935822,38.590662930348785,-1.4381942817257065,20.006324253365896
2002-09-09,-7.488958832156542,39.46513873766024,-1.260324574727616,19.96080316183834
2002-09-10,-9.251919542649043,39.52190348086366,-1.1673119753997736,22.111151231696983
2002-09-11,-9.625635834654357,39.18356396423486,-2.854348849499523,23.211601687496405
2002-09-12,-10.624051712922487,39.822263292370565,-2.0655158926522197,22.70961462813941
2002-09-13,-11.407994462875068,39.629185847929236,-3.705903077805672,22.480661700925058
2002-09-14,-9.945209342459524,37.548239366255494,-2.3372548965925697,23.27085989347113
2002-09-15,-9.213242750255088,37.624359481938164,-2.1965636017332604,23.05817247939584
2002-09-16,-8.982905403576073,36.944690334006616,-2.269803568442502,22.424837969560958
2002-09-17,-9.343848325713243,37.537386547200775,-2.693749382864231,23.387140802921074
2002-09-18,-9.4112247706979,36.83306440197618,-4.9083586296344315,23.70520117052691
2002-09-19,-8.440148944502084,35.38127400512566,-5.476387977443591,22.805098557360825
2002-09-20,-8.813542365496666,36.68757734924011,-6.331651968462834,24.396662000021692
2002-09-21,-11.338268154858596,38.15707886986899,-6.775217058683362,23.337932066920953
2002-09-22,-12.064234852703072,37.9101137241177,-5.7345700738684435,25.690268594375887
2002-09-23,-10.257028806103591,38.230872116087816,-5.933857370684804,24.70969102747173
2002-09-24,-9.140389919500354,39.472348811676,-5.230331379802701,22.73414201667038
2002-09-25,-8.889723404872635,40.0488824816371,-5.63481631858507,22.24913454698757
2002-09-26,-8.071373794495374,39.88576900803864,-6.189898579505782,24.348592759616473
